A,7BBC2B,1,,"0,0",,0,0,A:(0/0)
A,7B884B,1,,"0,0",,0,0,A:(0/0)
A,7BBC0B,1,,"0,0",,0,0,A:(0/0)
A,7B882B,1,,"0,0",,0,0,A:(0/0)
A,7C685B,1,,"0,0",,0,0,A:(0/0)
A,7B881B,1,,"0,0",,0,0,A:(0/0)
A,7B88CB,1,,"0,0",,0,0,A:(0/0)
A,7B887B,1,,"0,0",,0,0,A:(0/0)
A,7B889B,1,,"0,0",,0,0,A:(0/0)
A,7B888B,1,,"0,0",,0,0,A:(0/0)
A,7AEC5A,1,,"0,1",,0,1,A:(0/1)
A,7AEC2A,1,,"0,1",,0,1,A:(0/1)
A,7B886B,1,,"0,1",,0,1,A:(0/1)
A,7AEC4A,1,,"0,1",,0,1,A:(0/1)
A,7B883B,1,,"0,1",,0,1,A:(0/1)
A,7AEC1A,1,,"0,1",,0,1,A:(0/1)
A,7B4ABA,1,,"0,1",,0,1,A:(0/1)
A,7BF80B,1,,"0,1",,0,1,A:(0/1)
A,7AEC3A,1,,"0,1",,0,1,A:(0/1)
A,7B885B,1,,"0,1",,0,1,A:(0/1)
A,7B880B,1,,"0,2",,0,2,A:(0/2)
A,7B4C2A,1,,"0,2",,0,2,A:(0/2)
A,7B4C4B,1,,"0,2",,0,2,A:(0/2)
A,7B4CEB,1,,"0,2",,0,2,A:(0/2)
A,7B4C2B,1,,"0,2",,0,2,A:(0/2)
A,7B4CFB,1,,"0,2",,0,2,A:(0/2)
A,7B4C1A,1,,"0,2",,0,2,A:(0/2)
A,7B20DA,1,,"0,2",,0,2,A:(0/2)
A,7B4AFA,1,,"0,2",,0,2,A:(0/2)
A,7B4C0A,1,,"0,2",,0,2,A:(0/2)
A,7AEC0B,1,,"0,3",,0,3,A:(0/3)
A,7AEC3B,1,,"0,3",,0,3,A:(0/3)
A,7AEC1B,1,,"0,3",,0,3,A:(0/3)
A,7AEC7B,1,,"0,3",,0,3,A:(0/3)
A,7AE2FB,1,,"0,3",,0,3,A:(0/3)
A,7AC0DA,1,,"0,3",,0,3,A:(0/3)
A,7AEC6B,1,,"0,3",,0,3,A:(0/3)
A,7AEC9B,1,,"0,3",,0,3,A:(0/3)
A,7AEC8B,1,,"0,3",,0,3,A:(0/3)
A,7AECAB,1,,"0,3",,0,3,A:(0/3)
A,7B4A4A,1,,"1,0",,1,0,A:(1/0)
A,7B4A3A,1,,"1,0",,1,0,A:(1/0)
A,7B4A1A,1,,"1,0",,1,0,A:(1/0)
A,7B4A7A,1,,"1,0",,1,0,A:(1/0)
A,7B4A6A,1,,"1,0",,1,0,A:(1/0)
A,7B4A2A,1,,"1,0",,1,0,A:(1/0)
A,7B4A0A,1,,"1,0",,1,0,A:(1/0)
A,7B4A8A,1,,"1,0",,1,0,A:(1/0)
A,7B4A5A,1,,"1,0",,1,0,A:(1/0)
A,7B20EA,1,,"1,0",,1,0,A:(1/0)
A,7AECEB,1,,"1,1",,1,1,A:(1/1)
A,7B200B,1,,"1,1",,1,1,A:(1/1)
A,7B20FA,1,,"1,1",,1,1,A:(1/1)
A,7B201B,1,,"1,1",,1,1,A:(1/1)
A,7B4C8B,1,,"1,1",,1,1,A:(1/1)
A,7AECFB,1,,"1,1",,1,1,A:(1/1)
A,7AE2EB,1,,"1,1",,1,1,A:(1/1)
A,7AECBB,1,,"1,1",,1,1,A:(1/1)
A,7AECDB,1,,"1,1",,1,1,A:(1/1)
A,7AECCB,1,,"1,1",,1,1,A:(1/1)
A,7AE29B,1,,"1,2",,1,2,A:(1/2)
A,7AE2BB,1,,"1,2",,1,2,A:(1/2)
A,7BF8BB,1,,"1,2",,1,2,A:(1/2)
A,7B4A9A,1,,"1,2",,1,2,A:(1/2)
A,7AC0FB,1,,"1,2",,1,2,A:(1/2)
A,7AEC2B,1,,"1,2",,1,2,A:(1/2)
A,7BF8DB,1,,"1,2",,1,2,A:(1/2)
A,7AE2AB,1,,"1,2",,1,2,A:(1/2)
A,7AE2CB,1,,"1,2",,1,2,A:(1/2)
A,7AE2DB,1,,"1,2",,1,2,A:(1/2)
A,7BF86B,1,,"1,3",,1,3,A:(1/3)
A,7AC0BB,1,,"1,3",,1,3,A:(1/3)
A,7BF82B,1,,"1,3",,1,3,A:(1/3)
A,7BF8CB,1,,"1,3",,1,3,A:(1/3)
A,7AC0CB,1,,"1,3",,1,3,A:(1/3)
A,7BBCCB,1,,"1,3",,1,3,A:(1/3)
A,7BF87B,1,,"1,3",,1,3,A:(1/3)
A,7AC0EB,1,,"1,3",,1,3,A:(1/3)
A,7BF83B,1,,"1,3",,1,3,A:(1/3)
A,7BF81B,1,,"1,3",,1,3,A:(1/3)
A,7B4C6B,1,,"2,0",,2,0,A:(2/0)
A,7AC0CA,1,,"2,0",,2,0,A:(2/0)
A,7B4C5B,1,,"2,0",,2,0,A:(2/0)
A,7B4C7B,1,,"2,0",,2,0,A:(2/0)
A,7B4C3B,1,,"2,0",,2,0,A:(2/0)
A,7B4ADA,1,,"2,0",,2,0,A:(2/0)
A,7B4AEA,1,,"2,0",,2,0,A:(2/0)
A,7B4AAA,1,,"2,0",,2,0,A:(2/0)
A,7B4C9B,1,,"2,0",,2,0,A:(2/0)
A,8512AD,1,,"2,0",,2,0,A:(2/0)
A,7B4C6A,1,,"2,1",,2,1,A:(2/1)
A,7B202B,1,,"2,1",,2,1,A:(2/1)
A,7B4C4A,1,,"2,1",,2,1,A:(2/1)
A,7B4C5A,1,,"2,1",,2,1,A:(2/1)
A,7B205B,1,,"2,1",,2,1,A:(2/1)
A,7AEC6A,1,,"2,1",,2,1,A:(2/1)
A,7B206B,1,,"2,1",,2,1,A:(2/1)
A,7B4C8A,1,,"2,1",,2,1,A:(2/1)
A,7B4C3A,1,,"2,1",,2,1,A:(2/1)
A,7B4C7A,1,,"2,1",,2,1,A:(2/1)
A,7BBC5B,1,,"2,2",,2,2,A:(2/2)
A,7AE24A,1,,"2,2",,2,2,A:(2/2)
A,7AE20A,1,,"2,2",,2,2,A:(2/2)
A,7AE22A,1,,"2,2",,2,2,A:(2/2)
A,7AC0EA,1,,"2,2",,2,2,A:(2/2)
A,7AC0FA,1,,"2,2",,2,2,A:(2/2)
A,7AE23A,1,,"2,2",,2,2,A:(2/2)
A,7AE21A,1,,"2,2",,2,2,A:(2/2)
A,7AE25A,1,,"2,2",,2,2,A:(2/2)
A,7AE26A,1,,"2,2",,2,2,A:(2/2)
A,83A1BE,1,,"2,3",,2,3,A:(2/3)
A,83B30F,1,,"2,3",,2,3,A:(2/3)
A,83A1EF,1,,"2,3",,2,3,A:(2/3)
A,83A19F,1,,"2,3",,2,3,A:(2/3)
A,83A17F,1,,"2,3",,2,3,A:(2/3)
A,83A1CE,1,,"2,3",,2,3,A:(2/3)
A,83A1AE,1,,"2,3",,2,3,A:(2/3)
A,83A18F,1,,"2,3",,2,3,A:(2/3)
A,83A16F,1,,"2,3",,2,3,A:(2/3)
A,83A15F,1,,"2,3",,2,3,A:(2/3)
A,83B35E,1,,"3,0",,3,0,A:(3/0)
A,83A1CF,1,,"3,0",,3,0,A:(3/0)
A,83B36E,1,,"3,0",,3,0,A:(3/0)
A,83A1BF,1,,"3,0",,3,0,A:(3/0)
A,83B34E,1,,"3,0",,3,0,A:(3/0)
A,83A1DF,1,,"3,0",,3,0,A:(3/0)
A,83B33E,1,,"3,0",,3,0,A:(3/0)
A,83A1AF,1,,"3,0",,3,0,A:(3/0)
A,83A14F,1,,"3,0",,3,0,A:(3/0)
A,83A13F,1,,"3,0",,3,0,A:(3/0)
A,84342B,1,,"3,1",,3,1,A:(3/1)
A,84341B,1,,"3,1",,3,1,A:(3/1)
A,84340B,1,,"3,1",,3,1,A:(3/1)
A,84343B,1,,"3,1",,3,1,A:(3/1)
A,84347B,1,,"3,1",,3,1,A:(3/1)
A,7AE28D,1,,"3,1",,3,1,A:(3/1)
A,84344B,1,,"3,1",,3,1,A:(3/1)
A,7AEC4D,1,,"3,1",,3,1,A:(3/1)
A,84345B,1,,"3,1",,3,1,A:(3/1)
A,84346B,1,,"3,1",,3,1,A:(3/1)
A,8432FD,1,,"3,2",,3,2,A:(3/2)
A,8432DB,1,,"3,2",,3,2,A:(3/2)
A,84A44D,1,,"3,2",,3,2,A:(3/2)
A,84A42D,1,,"3,2",,3,2,A:(3/2)
A,84A43D,1,,"3,2",,3,2,A:(3/2)
A,84709D,1,,"3,2",,3,2,A:(3/2)
A,83B32F,1,,"3,2",,3,2,A:(3/2)
A,84A28D,1,,"3,2",,3,2,A:(3/2)
A,83B31F,1,,"3,2",,3,2,A:(3/2)
A,83A1FF,1,,"3,2",,3,2,A:(3/2)
A,8432EB,1,,"3,3",,3,3,A:(3/3)
A,7B4CBB,1,,"3,3",,3,3,A:(3/3)
A,8432FB,1,,"3,3",,3,3,A:(3/3)
A,7B4CAB,1,,"3,3",,3,3,A:(3/3)
A,7B4ABB,1,,"3,3",,3,3,A:(3/3)
A,7B4ADB,1,,"3,3",,3,3,A:(3/3)
A,7B4ACB,1,,"3,3",,3,3,A:(3/3)
A,7B4A9B,1,,"3,3",,3,3,A:(3/3)
A,7B4A7B,1,,"3,3",,3,3,A:(3/3)
A,7B4AAB,1,,"3,3",,3,3,A:(3/3)
B,83B3DE,1,,"0,0",,0,0,B:(0/0)
B,83B37E,1,,"0,0",,0,0,B:(0/0)
B,83B3AE,1,,"0,0",,0,0,B:(0/0)
B,83B39E,1,,"0,0",,0,0,B:(0/0)
B,84349B,1,,"0,0",,0,0,B:(0/0)
B,83B3BE,1,,"0,0",,0,0,B:(0/0)
B,83B3CE,1,,"0,0",,0,0,B:(0/0)
B,84348B,1,,"0,0",,0,0,B:(0/0)
B,83B3EE,1,,"0,0",,0,0,B:(0/0)
B,83B38E,1,,"0,0",,0,0,B:(0/0)
B,83B3EF,1,,"0,1",,0,1,B:(0/1)
B,85842D,1,,"0,1",,0,1,B:(0/1)
B,83CD0F,1,,"0,1",,0,1,B:(0/1)
B,83B36F,1,,"0,1",,0,1,B:(0/1)
B,83B3CF,1,,"0,1",,0,1,B:(0/1)
B,83B38F,1,,"0,1",,0,1,B:(0/1)
B,83B3FF,1,,"0,1",,0,1,B:(0/1)
B,83CD5F,1,,"0,1",,0,1,B:(0/1)
B,83CD1F,1,,"0,1",,0,1,B:(0/1)
B,85843D,1,,"0,1",,0,1,B:(0/1)
B,85847D,1,,"0,2",,0,2,B:(0/2)
B,85148D,1,,"0,2",,0,2,B:(0/2)
B,85846D,1,,"0,2",,0,2,B:(0/2)
B,85147D,1,,"0,2",,0,2,B:(0/2)
B,85849D,1,,"0,2",,0,2,B:(0/2)
B,7B4AEB,1,,"0,2",,0,2,B:(0/2)
B,84A45D,1,,"0,2",,0,2,B:(0/2)
B,85845D,1,,"0,2",,0,2,B:(0/2)
B,7B4C0B,1,,"0,2",,0,2,B:(0/2)
B,84A20D,1,,"0,2",,0,2,B:(0/2)
B,8582AD,1,,"0,3",,0,3,B:(0/3)
B,8582BD,1,,"0,3",,0,3,B:(0/3)
B,84E0ED,1,,"0,3",,0,3,B:(0/3)
B,85841D,1,,"0,3",,0,3,B:(0/3)
B,83B3BF,1,,"0,3",,0,3,B:(0/3)
B,83B3DF,1,,"0,3",,0,3,B:(0/3)
B,8582ED,1,,"0,3",,0,3,B:(0/3)
B,8582CD,1,,"0,3",,0,3,B:(0/3)
B,83B35F,1,,"0,3",,0,3,B:(0/3)
B,8582DD,1,,"0,3",,0,3,B:(0/3)
B,7AE2CA,1,,"1,0",,1,0,B:(1/0)
B,7AE2BA,1,,"1,0",,1,0,B:(1/0)
B,7AE29A,1,,"1,0",,1,0,B:(1/0)
B,7AE2EA,1,,"1,0",,1,0,B:(1/0)
B,7AE2AA,1,,"1,0",,1,0,B:(1/0)
B,7AE2FA,1,,"1,0",,1,0,B:(1/0)
B,7AE28A,1,,"1,0",,1,0,B:(1/0)
B,7AE2DA,1,,"1,0",,1,0,B:(1/0)
B,7AE27A,1,,"1,0",,1,0,B:(1/0)
B,7AEC0A,1,,"1,0",,1,0,B:(1/0)
B,7AE21B,1,,"1,1",,1,1,B:(1/1)
B,7AE28B,1,,"1,1",,1,1,B:(1/1)
B,7AE22B,1,,"1,1",,1,1,B:(1/1)
B,7AE26B,1,,"1,1",,1,1,B:(1/1)
B,7AE27B,1,,"1,1",,1,1,B:(1/1)
B,7BF88B,1,,"1,1",,1,1,B:(1/1)
B,7AE23B,1,,"1,1",,1,1,B:(1/1)
B,7AE20B,1,,"1,1",,1,1,B:(1/1)
B,7BF8AB,1,,"1,1",,1,1,B:(1/1)
B,7BF89B,1,,"1,1",,1,1,B:(1/1)
B,7AEC1D,1,,"1,2",,1,2,B:(1/2)
B,84328B,1,,"1,2",,1,2,B:(1/2)
B,84324B,1,,"1,2",,1,2,B:(1/2)
B,7B4A5B,1,,"1,2",,1,2,B:(1/2)
B,7AEC9D,1,,"1,2",,1,2,B:(1/2)
B,7AEC5D,1,,"1,2",,1,2,B:(1/2)
B,7B4AFB,1,,"1,2",,1,2,B:(1/2)
B,7AEC8D,1,,"1,2",,1,2,B:(1/2)
B,7AEC2D,1,,"1,2",,1,2,B:(1/2)
B,7AEC3D,1,,"1,2",,1,2,B:(1/2)
B,7B20EB,1,,"1,3",,1,3,B:(1/3)
B,8408AB,1,,"1,3",,1,3,B:(1/3)
B,7B4A3B,1,,"1,3",,1,3,B:(1/3)
B,85145D,1,,"1,3",,1,3,B:(1/3)
B,7B4A4B,1,,"1,3",,1,3,B:(1/3)
B,7B20FB,1,,"1,3",,1,3,B:(1/3)
B,7B4A1B,1,,"1,3",,1,3,B:(1/3)
B,7B4A2B,1,,"1,3",,1,3,B:(1/3)
B,7B4C1B,1,,"1,3",,1,3,B:(1/3)
B,85146D,1,,"1,3",,1,3,B:(1/3)
B,7BBA0B,1,,"2,0",,2,0,B:(2/0)
B,7B88FB,1,,"2,0",,2,0,B:(2/0)
B,7BBC4B,1,,"2,0",,2,0,B:(2/0)
B,7C686B,1,,"2,0",,2,0,B:(2/0)
B,7BBC3B,1,,"2,0",,2,0,B:(2/0)
B,7B88AB,1,,"2,0",,2,0,B:(2/0)
B,7B88DB,1,,"2,0",,2,0,B:(2/0)
B,7BBA1B,1,,"2,0",,2,0,B:(2/0)
B,7B88EB,1,,"2,0",,2,0,B:(2/0)
B,7BBA2B,1,,"2,0",,2,0,B:(2/0)
B,7BBAEB,1,,"2,1",,2,1,B:(2/1)
B,7BBACB,1,,"2,1",,2,1,B:(2/1)
B,7BBADB,1,,"2,1",,2,1,B:(2/1)
B,7BBA9B,1,,"2,1",,2,1,B:(2/1)
B,7BBAAB,1,,"2,1",,2,1,B:(2/1)
B,7BBAFB,1,,"2,1",,2,1,B:(2/1)
B,7BBABB,1,,"2,1",,2,1,B:(2/1)
B,7B4CCB,1,,"2,1",,2,1,B:(2/1)
B,7BBC8B,1,,"2,1",,2,1,B:(2/1)
B,7B4CDB,1,,"2,1",,2,1,B:(2/1)
B,84082B,1,,"2,2",,2,2,B:(2/2)
B,7AE2CD,1,,"2,2",,2,2,B:(2/2)
B,8512FD,1,,"2,2",,2,2,B:(2/2)
B,83B17F,1,,"2,2",,2,2,B:(2/2)
B,84230F,1,,"2,2",,2,2,B:(2/2)
B,7AE2BD,1,,"2,2",,2,2,B:(2/2)
B,8432CB,1,,"2,2",,2,2,B:(2/2)
B,83B16F,1,,"2,2",,2,2,B:(2/2)
B,7AE29D,1,,"2,2",,2,2,B:(2/2)
B,7AE2AD,1,,"2,2",,2,2,B:(2/2)
B,7BBCBB,1,,"2,3",,2,3,B:(2/3)
B,7AC0BA,1,,"2,3",,2,3,B:(2/3)
B,7AE25B,1,,"2,3",,2,3,B:(2/3)
B,7BBCAB,1,,"2,3",,2,3,B:(2/3)
B,7BBCDB,1,,"2,3",,2,3,B:(2/3)
B,7B4A0B,1,,"2,3",,2,3,B:(2/3)
B,7BBCFB,1,,"2,3",,2,3,B:(2/3)
B,7AE24B,1,,"2,3",,2,3,B:(2/3)
B,7B4A6B,1,,"2,3",,2,3,B:(2/3)
B,7BBCEB,1,,"2,3",,2,3,B:(2/3)
B,7B207B,1,,"3,0",,3,0,B:(3/0)
B,7B20CB,1,,"3,0",,3,0,B:(3/0)
B,7B20AB,1,,"3,0",,3,0,B:(3/0)
B,7B209B,1,,"3,0",,3,0,B:(3/0)
B,7BBA5B,1,,"3,0",,3,0,B:(3/0)
B,7B20DB,1,,"3,0",,3,0,B:(3/0)
B,7B208B,1,,"3,0",,3,0,B:(3/0)
B,7B20BB,1,,"3,0",,3,0,B:(3/0)
B,7BBC1B,1,,"3,0",,3,0,B:(3/0)
B,7B88BB,1,,"3,0",,3,0,B:(3/0)
B,84019E,1,,"3,1",,3,1,B:(3/1)
B,7AEC6D,1,,"3,1",,3,1,B:(3/1)
B,7AE2FD,1,,"3,1",,3,1,B:(3/1)
B,83B34F,1,,"3,1",,3,1,B:(3/1)
B,8432BB,1,,"3,1",,3,1,B:(3/1)
B,83B33F,1,,"3,1",,3,1,B:(3/1)
B,85142D,1,,"3,1",,3,1,B:(3/1)
B,85120D,1,,"3,1",,3,1,B:(3/1)
B,8483FE,1,,"3,1",,3,1,B:(3/1)
B,8483DE,1,,"3,1",,3,1,B:(3/1)
B,84325B,1,,"3,2",,3,2,B:(3/2)
B,85143D,1,,"3,2",,3,2,B:(3/2)
B,84321B,1,,"3,2",,3,2,B:(3/2)
B,84323B,1,,"3,2",,3,2,B:(3/2)
B,7AECAD,1,,"3,2",,3,2,B:(3/2)
B,85140D,1,,"3,2",,3,2,B:(3/2)
B,8408DB,1,,"3,2",,3,2,B:(3/2)
B,85141D,1,,"3,2",,3,2,B:(3/2)
B,84322B,1,,"3,2",,3,2,B:(3/2)
B,7AE2ED,1,,"3,2",,3,2,B:(3/2)
B,85820D,1,,"3,3",,3,3,B:(3/3)
B,84320B,1,,"3,3",,3,3,B:(3/3)
B,85823D,1,,"3,3",,3,3,B:(3/3)
B,8550AD,1,,"3,3",,3,3,B:(3/3)
B,83B37F,1,,"3,3",,3,3,B:(3/3)
B,84329B,1,,"3,3",,3,3,B:(3/3)
B,85508D,1,,"3,3",,3,3,B:(3/3)
B,85507D,1,,"3,3",,3,3,B:(3/3)
B,85848D,1,,"3,3",,3,3,B:(3/3)
B,83B39F,1,,"3,3",,3,3,B:(3/3)
B,7BBA6B,1,,"4,0",,4,0,B:(4/0)
B,7BBA8B,1,,"4,0",,4,0,B:(4/0)
B,7BBA7B,1,,"4,0",,4,0,B:(4/0)
B,7BBA4B,1,,"4,0",,4,0,B:(4/0)
B,7C687B,1,,"4,0",,4,0,B:(4/0)
B,7BBC7B,1,,"4,0",,4,0,B:(4/0)
B,7BBA3B,1,,"4,0",,4,0,B:(4/0)
B,7BBC6B,1,,"4,0",,4,0,B:(4/0)
B,7C684B,1,,"4,0",,4,0,B:(4/0)
B,7B4A8B,1,,"4,0",,4,0,B:(4/0)
B,85844D,1,,"4,1",,4,1,B:(4/1)
B,8434AB,1,,"4,1",,4,1,B:(4/1)
B,83CD6F,1,,"4,1",,4,1,B:(4/1)
B,8434BB,1,,"4,1",,4,1,B:(4/1)
B,8408FB,1,,"4,1",,4,1,B:(4/1)
B,83CD0E,1,,"4,1",,4,1,B:(4/1)
B,83B3FE,1,,"4,1",,4,1,B:(4/1)
B,85827D,1,,"4,1",,4,1,B:(4/1)
B,85826D,1,,"4,1",,4,1,B:(4/1)
B,84348D,1,,"4,1",,4,1,B:(4/1)
B,85821D,1,,"4,2",,4,2,B:(4/2)
B,85500D,1,,"4,2",,4,2,B:(4/2)
B,85840D,1,,"4,2",,4,2,B:(4/2)
B,85503D,1,,"4,2",,4,2,B:(4/2)
B,8582FD,1,,"4,2",,4,2,B:(4/2)
B,8550ED,1,,"4,2",,4,2,B:(4/2)
B,85822D,1,,"4,2",,4,2,B:(4/2)
B,85502D,1,,"4,2",,4,2,B:(4/2)
B,85501D,1,,"4,2",,4,2,B:(4/2)
B,84326B,1,,"4,2",,4,2,B:(4/2)
B,85504D,1,,"4,3",,4,3,B:(4/3)
B,8550BD,1,,"4,3",,4,3,B:(4/3)
B,8550FD,1,,"4,3",,4,3,B:(4/3)
B,85144D,1,,"4,3",,4,3,B:(4/3)
B,85506D,1,,"4,3",,4,3,B:(4/3)
B,8514FD,1,,"4,3",,4,3,B:(4/3)
B,85509D,1,,"4,3",,4,3,B:(4/3)
B,83CD4F,1,,"4,3",,4,3,B:(4/3)
B,83CD3F,1,,"4,3",,4,3,B:(4/3)
B,83CDAF,1,,"4,3",,4,3,B:(4/3)
B,85505D,1,,"5,0",,5,0,B:(5/0)
B,8550DD,1,,"5,0",,5,0,B:(5/0)
B,85824D,1,,"5,0",,5,0,B:(5/0)
B,83CD2F,1,,"5,0",,5,0,B:(5/0)
B,83CDBF,1,,"5,0",,5,0,B:(5/0)
B,83CD1E,1,,"5,0",,5,0,B:(5/0)
B,8550CD,1,,"5,0",,5,0,B:(5/0)
B,85825D,1,,"5,0",,5,0,B:(5/0)
B,85828D,1,,"5,0",,5,0,B:(5/0)
B,85829D,1,,"5,0",,5,0,B:(5/0)
B,8432AB,1,,"5,1",,5,1,B:(5/1)
B,85121D,1,,"5,1",,5,1,B:(5/1)
B,85123D,1,,"5,1",,5,1,B:(5/1)
B,85124D,1,,"5,1",,5,1,B:(5/1)
B,84A49D,1,,"5,1",,5,1,B:(5/1)
B,84A4DD,1,,"5,1",,5,1,B:(5/1)
B,84A4CD,1,,"5,1",,5,1,B:(5/1)
B,8408CB,1,,"5,1",,5,1,B:(5/1)
B,8514ED,1,,"5,1",,5,1,B:(5/1)
B,8408BB,1,,"5,1",,5,1,B:(5/1)
B,85126D,1,,"5,2",,5,2,B:(5/2)
B,85129D,1,,"5,2",,5,2,B:(5/2)
B,85128D,1,,"5,2",,5,2,B:(5/2)
B,84A47D,1,,"5,2",,5,2,B:(5/2)
B,85127D,1,,"5,2",,5,2,B:(5/2)
B,84A48D,1,,"5,2",,5,2,B:(5/2)
B,85125D,1,,"5,2",,5,2,B:(5/2)
B,85149D,1,,"5,2",,5,2,B:(5/2)
B,85122D,1,,"5,2",,5,2,B:(5/2)
B,84A46D,1,,"5,2",,5,2,B:(5/2)
B,83DD0F,1,,"5,3",,5,3,B:(5/3)
B,83C3DF,1,,"5,3",,5,3,B:(5/3)
B,7C2AAB,1,,"5,3",,5,3,B:(5/3)
B,83C3FF,1,,"5,3",,5,3,B:(5/3)
B,83C3AF,1,,"5,3",,5,3,B:(5/3)
B,83C3CF,1,,"5,3",,5,3,B:(5/3)
B,83C3BF,1,,"5,3",,5,3,B:(5/3)
B,83C3EF,1,,"5,3",,5,3,B:(5/3)
B,83DD2F,1,,"5,3",,5,3,B:(5/3)
B,83DD1F,1,,"5,3",,5,3,B:(5/3)
C,84B51F,1,,"0,0",,0,0,C:(0/0)
C,84931F,1,,"0,0",,0,0,C:(0/0)
C,84B5AF,1,,"0,0",,0,0,C:(0/0)
C,84B59F,1,,"0,0",,0,0,C:(0/0)
C,84B5EF,1,,"0,0",,0,0,C:(0/0)
C,84F11F,1,,"0,0",,0,0,C:(0/0)
C,84B5BF,1,,"0,0",,0,0,C:(0/0)
C,84B55F,1,,"0,0",,0,0,C:(0/0)
C,84B5DF,1,,"0,0",,0,0,C:(0/0)
C,84B5CF,1,,"0,0",,0,0,C:(0/0)
C,84F13F,1,,"0,1",,0,1,C:(0/1)
C,84F16F,1,,"0,1",,0,1,C:(0/1)
C,84F15F,1,,"0,1",,0,1,C:(0/1)
C,84F1BF,1,,"0,1",,0,1,C:(0/1)
C,8411FF,1,,"0,1",,0,1,C:(0/1)
C,84F12F,1,,"0,1",,0,1,C:(0/1)
C,84F14F,1,,"0,1",,0,1,C:(0/1)
C,84F18F,1,,"0,1",,0,1,C:(0/1)
C,84F1AF,1,,"0,1",,0,1,C:(0/1)
C,84F1CF,1,,"0,1",,0,1,C:(0/1)
C,84812F,1,,"1,0",,1,0,C:(1/0)
C,8411AF,1,,"1,0",,1,0,C:(1/0)
C,8411DF,1,,"1,0",,1,0,C:(1/0)
C,84118F,1,,"1,0",,1,0,C:(1/0)
C,8411CF,1,,"1,0",,1,0,C:(1/0)
C,84119F,1,,"1,0",,1,0,C:(1/0)
C,84231F,1,,"1,0",,1,0,C:(1/0)
C,8411EF,1,,"1,0",,1,0,C:(1/0)
C,8411BF,1,,"1,0",,1,0,C:(1/0)
C,8481EF,1,,"1,0",,1,0,C:(1/0)
C,84234F,1,,"1,1",,1,1,C:(1/1)
C,84450F,1,,"1,1",,1,1,C:(1/1)
C,8423DF,1,,"1,1",,1,1,C:(1/1)
C,84451F,1,,"1,1",,1,1,C:(1/1)
C,84235F,1,,"1,1",,1,1,C:(1/1)
C,84238F,1,,"1,1",,1,1,C:(1/1)
C,84237F,1,,"1,1",,1,1,C:(1/1)
C,84236F,1,,"1,1",,1,1,C:(1/1)
C,8423AF,1,,"1,1",,1,1,C:(1/1)
C,84239F,1,,"1,1",,1,1,C:(1/1)
C,84815F,1,,"2,0",,2,0,C:(2/0)
C,84816F,1,,"2,0",,2,0,C:(2/0)
C,84232F,1,,"2,0",,2,0,C:(2/0)
C,8423BF,1,,"2,0",,2,0,C:(2/0)
C,84813F,1,,"2,0",,2,0,C:(2/0)
C,8423CF,1,,"2,0",,2,0,C:(2/0)
C,84233F,1,,"2,0",,2,0,C:(2/0)
C,84818F,1,,"2,0",,2,0,C:(2/0)
C,84454F,1,,"2,0",,2,0,C:(2/0)
C,84814F,1,,"2,0",,2,0,C:(2/0)
C,84819F,1,,"2,1",,2,1,C:(2/1)
C,7CFC4B,1,,"2,1",,2,1,C:(2/1)
C,84456F,1,,"2,1",,2,1,C:(2/1)
C,7CFCBB,1,,"2,1",,2,1,C:(2/1)
C,84455F,1,,"2,1",,2,1,C:(2/1)
C,84457F,1,,"2,1",,2,1,C:(2/1)
C,7CFC8B,1,,"2,1",,2,1,C:(2/1)
C,7CFC7B,1,,"2,1",,2,1,C:(2/1)
C,7CFCAB,1,,"2,1",,2,1,C:(2/1)
C,7CFC5B,1,,"2,1",,2,1,C:(2/1)
C,7D029B,1,,"3,0",,3,0,C:(3/0)
C,7D026B,1,,"3,0",,3,0,C:(3/0)
C,7D028B,1,,"3,0",,3,0,C:(3/0)
C,7D02AB,1,,"3,0",,3,0,C:(3/0)
C,7D027B,1,,"3,0",,3,0,C:(3/0)
C,7D024B,1,,"3,0",,3,0,C:(3/0)
C,7D025B,1,,"3,0",,3,0,C:(3/0)
C,7D02FB,1,,"3,0",,3,0,C:(3/0)
C,7CFC1B,1,,"3,0",,3,0,C:(3/0)
C,7CFC0B,1,,"3,0",,3,0,C:(3/0)
C,7CFC2B,1,,"3,1",,3,1,C:(3/1)
C,7C2A3B,1,,"3,1",,3,1,C:(3/1)
C,7CFC3B,1,,"3,1",,3,1,C:(3/1)
C,7D281C,1,,"3,1",,3,1,C:(3/1)
C,7CFC6B,1,,"3,1",,3,1,C:(3/1)
C,7C2C1B,1,,"3,1",,3,1,C:(3/1)
C,7D02BB,1,,"3,1",,3,1,C:(3/1)
C,7D02CB,1,,"3,1",,3,1,C:(3/1)
C,7C2A2B,1,,"3,1",,3,1,C:(3/1)
C,7D02EB,1,,"3,1",,3,1,C:(3/1)
E,7CD02C,3,,"0,0",,0,0,E:(0/0)
E,7CD0DC,3,,"0,0",,0,0,E:(0/0)
E,7CD05C,3,,"0,0",,0,0,E:(0/0)
E,7CD03C,3,,"0,0",,0,0,E:(0/0)
E,7CD0CC,3,,"0,0",,0,0,E:(0/0)
E,7C9CEC,3,,"0,0",,0,0,E:(0/0)
E,7CD01C,3,,"0,0",,0,0,E:(0/0)
E,7D020C,3,,"0,0",,0,0,E:(0/0)
E,7D021C,3,,"0,0",,0,0,E:(0/0)
E,7CD04C,3,,"0,0",,0,0,E:(0/0)
E,7C9AAC,3,,"0,1",,0,1,E:(0/1)
E,7C9CFC,3,,"0,1",,0,1,E:(0/1)
E,7CD08C,3,,"0,1",,0,1,E:(0/1)
E,7C9AEC,3,,"0,1",,0,1,E:(0/1)
E,7C9A7C,3,,"0,1",,0,1,E:(0/1)
E,7C9ABC,3,,"0,1",,0,1,E:(0/1)
E,7C9ACC,3,,"0,1",,0,1,E:(0/1)
E,7CD07C,3,,"0,1",,0,1,E:(0/1)
E,7C9ADC,3,,"0,1",,0,1,E:(0/1)
E,7CD00C,3,,"0,1",,0,1,E:(0/1)
E,7C9A3C,3,,"1,0",,1,0,E:(1/0)
E,7C9A2C,3,,"1,0",,1,0,E:(1/0)
E,7C9A4C,3,,"1,0",,1,0,E:(1/0)
E,7C9A0C,3,,"1,0",,1,0,E:(1/0)
E,7C9A1C,3,,"1,0",,1,0,E:(1/0)
E,7C9A6C,3,,"1,0",,1,0,E:(1/0)
E,7C9A5C,3,,"1,0",,1,0,E:(1/0)
E,7C9CCC,3,,"1,0",,1,0,E:(1/0)
E,7C9CDC,3,,"1,0",,1,0,E:(1/0)
E,7CD0EC,3,,"1,0",,1,0,E:(1/0)
E,7C686C,3,,"1,1",,1,1,E:(1/1)
E,7C689C,3,,"1,1",,1,1,E:(1/1)
E,7C687C,3,,"1,1",,1,1,E:(1/1)
E,7C68AC,3,,"1,1",,1,1,E:(1/1)
E,7C685C,3,,"1,1",,1,1,E:(1/1)
E,7C684C,3,,"1,1",,1,1,E:(1/1)
E,7C68BC,3,,"1,1",,1,1,E:(1/1)
E,7C68CC,3,,"1,1",,1,1,E:(1/1)
E,7C688C,3,,"1,1",,1,1,E:(1/1)
E,7C68DC,3,,"1,1",,1,1,E:(1/1)
E,83C36F,3,,"2,0",,2,0,E:(2/0)
E,83B12F,3,,"2,0",,2,0,E:(2/0)
E,83C37F,3,,"2,0",,2,0,E:(2/0)
E,83DD4F,3,,"2,0",,2,0,E:(2/0)
E,83857F,3,,"2,0",,2,0,E:(2/0)
E,83B15F,3,,"2,0",,2,0,E:(2/0)
E,84116F,3,,"2,0",,2,0,E:(2/0)
E,83858F,3,,"2,0",,2,0,E:(2/0)
E,83C31F,3,,"2,0",,2,0,E:(2/0)
E,83859F,3,,"2,0",,2,0,E:(2/0)
E,8445BF,3,,"2,1",,2,1,E:(2/1)
E,84112F,3,,"2,1",,2,1,E:(2/1)
E,83C38F,3,,"2,1",,2,1,E:(2/1)
E,84113F,3,,"2,1",,2,1,E:(2/1)
E,84B57F,3,,"2,1",,2,1,E:(2/1)
E,84114F,3,,"2,1",,2,1,E:(2/1)
E,83DDDF,3,,"2,1",,2,1,E:(2/1)
E,84115F,3,,"2,1",,2,1,E:(2/1)
E,83DDEF,3,,"2,1",,2,1,E:(2/1)
E,84111F,3,,"2,1",,2,1,E:(2/1)
E,83DDBF,3,,"3,0",,3,0,E:(3/0)
E,83DD6F,3,,"3,0",,3,0,E:(3/0)
E,7AED3B,3,,"3,0",,3,0,E:(3/0)
E,83DDCF,3,,"3,0",,3,0,E:(3/0)
E,83DD8F,3,,"3,0",,3,0,E:(3/0)
E,83DDAF,3,,"3,0",,3,0,E:(3/0)
E,83DD5F,3,,"3,0",,3,0,E:(3/0)
E,83DD9F,3,,"3,0",,3,0,E:(3/0)
E,83C39F,3,,"3,0",,3,0,E:(3/0)
E,83DD7F,3,,"3,0",,3,0,E:(3/0)
E,8445CF,3,,"3,1",,3,1,E:(3/1)
E,850B0F,3,,"3,1",,3,1,E:(3/1)
E,8445AF,3,,"3,1",,3,1,E:(3/1)
E,8481DF,3,,"3,1",,3,1,E:(3/1)
E,84F1EF,3,,"3,1",,3,1,E:(3/1)
E,850B2F,3,,"3,1",,3,1,E:(3/1)
E,84F1FF,3,,"3,1",,3,1,E:(3/1)
E,850B1F,3,,"3,1",,3,1,E:(3/1)
E,84F1DF,3,,"3,1",,3,1,E:(3/1)
E,8445DF,3,,"3,1",,3,1,E:(3/1)
F,836BFF,2,,"0,0",,0,0,F:(0/0)
F,7AC0FC,2,,"0,0",,0,0,F:(0/0)
F,7AC0DC,2,,"0,0",,0,0,F:(0/0)
F,7AEC1C,2,,"0,0",,0,0,F:(0/0)
F,7AEC0C,2,,"0,0",,0,0,F:(0/0)
F,7AE20C,2,,"0,0",,0,0,F:(0/0)
F,7AEC2C,2,,"0,0",,0,0,F:(0/0)
F,7AEC6C,2,,"0,0",,0,0,F:(0/0)
F,7AEC5C,2,,"0,0",,0,0,F:(0/0)
F,7AC0CC,2,,"0,0",,0,0,F:(0/0)
F,84935F,2,,"0,1",,0,1,F:(0/1)
F,84117F,2,,"0,1",,0,1,F:(0/1)
F,84932F,2,,"0,1",,0,1,F:(0/1)
F,8481FF,2,,"0,1",,0,1,F:(0/1)
F,84937F,2,,"0,1",,0,1,F:(0/1)
F,8423EF,2,,"0,1",,0,1,F:(0/1)
F,83DD3F,2,,"0,1",,0,1,F:(0/1)
F,83B13F,2,,"0,1",,0,1,F:(0/1)
F,84934F,2,,"0,1",,0,1,F:(0/1)
F,84933F,2,,"0,1",,0,1,F:(0/1)
F,836B0E,2,,"0,2",,0,2,F:(0/2)
F,8361EE,2,,"0,2",,0,2,F:(0/2)
F,836B5E,2,,"0,2",,0,2,F:(0/2)
F,836B1E,2,,"0,2",,0,2,F:(0/2)
F,83756E,2,,"0,2",,0,2,F:(0/2)
F,8361FE,2,,"0,2",,0,2,F:(0/2)
F,836B3E,2,,"0,2",,0,2,F:(0/2)
F,836B2E,2,,"0,2",,0,2,F:(0/2)
F,836B6E,2,,"0,2",,0,2,F:(0/2)
F,836B4E,2,,"0,2",,0,2,F:(0/2)
F,83855F,2,,"0,3",,0,3,F:(0/3)
F,83856F,2,,"0,3",,0,3,F:(0/3)
F,7CD0FC,2,,"0,3",,0,3,F:(0/3)
F,8361BE,2,,"0,3",,0,3,F:(0/3)
F,7CD06C,2,,"0,3",,0,3,F:(0/3)
F,7D022C,2,,"0,3",,0,3,F:(0/3)
F,7CD0BC,2,,"0,3",,0,3,F:(0/3)
F,83C32F,2,,"0,3",,0,3,F:(0/3)
F,8361CE,2,,"0,3",,0,3,F:(0/3)
F,83854F,2,,"0,3",,0,3,F:(0/3)
F,7AE21C,2,,"1,0",,1,0,F:(1/0)
F,7AE26C,2,,"1,0",,1,0,F:(1/0)
F,7AE25C,2,,"1,0",,1,0,F:(1/0)
F,8361DE,2,,"1,0",,1,0,F:(1/0)
F,7CFCAC,2,,"1,0",,1,0,F:(1/0)
F,7AC0DB,2,,"1,0",,1,0,F:(1/0)
F,7AE24C,2,,"1,0",,1,0,F:(1/0)
F,7AE22C,2,,"1,0",,1,0,F:(1/0)
F,7AE23C,2,,"1,0",,1,0,F:(1/0)
F,7AC0EC,2,,"1,0",,1,0,F:(1/0)
F,8375BE,2,,"1,1",,1,1,F:(1/1)
F,8375AE,2,,"1,1",,1,1,F:(1/1)
F,8375EE,2,,"1,1",,1,1,F:(1/1)
F,8375CE,2,,"1,1",,1,1,F:(1/1)
F,83A10E,2,,"1,1",,1,1,F:(1/1)
F,8375DE,2,,"1,1",,1,1,F:(1/1)
F,7C680C,2,,"1,1",,1,1,F:(1/1)
F,83A12E,2,,"1,1",,1,1,F:(1/1)
F,83A11E,2,,"1,1",,1,1,F:(1/1)
F,84B56F,2,,"1,1",,1,1,F:(1/1)
F,836B9E,2,,"1,2",,1,2,F:(1/2)
F,836BCE,2,,"1,2",,1,2,F:(1/2)
F,836BEE,2,,"1,2",,1,2,F:(1/2)
F,83CDBE,2,,"1,2",,1,2,F:(1/2)
F,836BDE,2,,"1,2",,1,2,F:(1/2)
F,836BBE,2,,"1,2",,1,2,F:(1/2)
F,83759E,2,,"1,2",,1,2,F:(1/2)
F,83CD9E,2,,"1,2",,1,2,F:(1/2)
F,836BAE,2,,"1,2",,1,2,F:(1/2)
F,83CDAE,2,,"1,2",,1,2,F:(1/2)
F,836B7E,2,,"1,3",,1,3,F:(1/3)
F,83754E,2,,"1,3",,1,3,F:(1/3)
F,836B8E,2,,"1,3",,1,3,F:(1/3)
F,83757E,2,,"1,3",,1,3,F:(1/3)
F,83752E,2,,"1,3",,1,3,F:(1/3)
F,836BFE,2,,"1,3",,1,3,F:(1/3)
F,83753E,2,,"1,3",,1,3,F:(1/3)
F,83755E,2,,"1,3",,1,3,F:(1/3)
F,83751E,2,,"1,3",,1,3,F:(1/3)
F,83750E,2,,"1,3",,1,3,F:(1/3)
G,7C2AEB,2,,"0,0",,0,0,G:(0/0)
G,7C2A4B,2,,"0,0",,0,0,G:(0/0)
G,7D02DB,2,,"0,0",,0,0,G:(0/0)
G,7C2C0B,2,,"0,0",,0,0,G:(0/0)
G,7C2AFB,2,,"0,0",,0,0,G:(0/0)
G,7C2ADB,2,,"0,0",,0,0,G:(0/0)
G,7C2ACB,2,,"0,0",,0,0,G:(0/0)
G,7C2ABB,2,,"0,0",,0,0,G:(0/0)
G,7C2A9B,2,,"0,0",,0,0,G:(0/0)
G,7C2A7B,2,,"0,0",,0,0,G:(0/0)
G,7C2C9B,2,,"0,1",,0,1,G:(0/1)
G,7C2C6B,2,,"0,1",,0,1,G:(0/1)
G,7CFC9B,2,,"0,1",,0,1,G:(0/1)
G,7C2CAB,2,,"0,1",,0,1,G:(0/1)
G,7BBA5C,2,,"0,1",,0,1,G:(0/1)
G,7BBA4C,2,,"0,1",,0,1,G:(0/1)
G,7B88DC,2,,"0,1",,0,1,G:(0/1)
G,7C2CBB,2,,"0,1",,0,1,G:(0/1)
G,7C2C7B,2,,"0,1",,0,1,G:(0/1)
G,7C2C8B,2,,"0,1",,0,1,G:(0/1)
G,7AECCC,2,,"0,2",,0,2,G:(0/2)
G,7AEC9C,2,,"0,2",,0,2,G:(0/2)
G,7B889C,2,,"0,2",,0,2,G:(0/2)
G,7AEC3C,2,,"0,2",,0,2,G:(0/2)
G,7D02CC,2,,"0,2",,0,2,G:(0/2)
G,7AECFC,2,,"0,2",,0,2,G:(0/2)
G,7CFCDB,2,,"0,2",,0,2,G:(0/2)
G,7AECEC,2,,"0,2",,0,2,G:(0/2)
G,7D02DC,2,,"0,2",,0,2,G:(0/2)
G,7B888C,2,,"0,2",,0,2,G:(0/2)
G,7B88BC,2,,"0,3",,0,3,G:(0/3)
G,7B88FC,2,,"0,3",,0,3,G:(0/3)
G,7B88EC,2,,"0,3",,0,3,G:(0/3)
G,7B88AC,2,,"0,3",,0,3,G:(0/3)
G,7BBA1C,2,,"0,3",,0,3,G:(0/3)
G,7B88CC,2,,"0,3",,0,3,G:(0/3)
G,7B4C5C,2,,"0,3",,0,3,G:(0/3)
G,7BBA0C,2,,"0,3",,0,3,G:(0/3)
G,7BBA3C,2,,"0,3",,0,3,G:(0/3)
G,7BBA2C,2,,"0,3",,0,3,G:(0/3)
G,7C9C3B,2,,"1,0",,1,0,G:(1/0)
G,7C9C5B,2,,"1,0",,1,0,G:(1/0)
G,7C9C0B,2,,"1,0",,1,0,G:(1/0)
G,7C9C2B,2,,"1,0",,1,0,G:(1/0)
G,7C9C7B,2,,"1,0",,1,0,G:(1/0)
G,7C9C6B,2,,"1,0",,1,0,G:(1/0)
G,7AEC4C,2,,"1,0",,1,0,G:(1/0)
G,7C9C4B,2,,"1,0",,1,0,G:(1/0)
G,7C9C1B,2,,"1,0",,1,0,G:(1/0)
G,7B4C2C,2,,"1,0",,1,0,G:(1/0)
G,7CD00B,2,,"1,1",,1,1,G:(1/1)
G,7CD02B,2,,"1,1",,1,1,G:(1/1)
G,7C9C9B,2,,"1,1",,1,1,G:(1/1)
G,7C9C8B,2,,"1,1",,1,1,G:(1/1)
G,7C9CAB,2,,"1,1",,1,1,G:(1/1)
G,7C9CEB,2,,"1,1",,1,1,G:(1/1)
G,7C9CFB,2,,"1,1",,1,1,G:(1/1)
G,7CD01B,2,,"1,1",,1,1,G:(1/1)
G,7CD03B,2,,"1,1",,1,1,G:(1/1)
G,84015E,2,,"1,1",,1,1,G:(1/1)
G,7CD09B,2,,"1,2",,1,2,G:(1/2)
G,7CD06B,2,,"1,2",,1,2,G:(1/2)
G,7CD08B,2,,"1,2",,1,2,G:(1/2)
G,7CD07B,2,,"1,2",,1,2,G:(1/2)
G,7CD04B,2,,"1,2",,1,2,G:(1/2)
G,7AE28C,2,,"1,2",,1,2,G:(1/2)
G,7CD05B,2,,"1,2",,1,2,G:(1/2)
G,7CD0AB,2,,"1,2",,1,2,G:(1/2)
G,7C680B,2,,"1,2",,1,2,G:(1/2)
G,7B20CA,2,,"1,2",,1,2,G:(1/2)
G,8423FF,2,,"1,3",,1,3,G:(1/3)
G,836BEF,2,,"1,3",,1,3,G:(1/3)
G,84016E,2,,"1,3",,1,3,G:(1/3)
G,84017E,2,,"1,3",,1,3,G:(1/3)
G,84018E,2,,"1,3",,1,3,G:(1/3)
G,836BCF,2,,"1,3",,1,3,G:(1/3)
G,836BAF,2,,"1,3",,1,3,G:(1/3)
G,836BBF,2,,"1,3",,1,3,G:(1/3)
G,8483EE,2,,"1,3",,1,3,G:(1/3)
G,836BDF,2,,"1,3",,1,3,G:(1/3)
H,7CD0BB,0,,0,,0,,H:(0/)
H,7C9AFB,0,,0,,0,,H:(0/)
H,7C9ADB,0,,0,,0,,H:(0/)
H,7C9ACB,0,,0,,0,,H:(0/)
H,7C9AEB,0,,0,,0,,H:(0/)
H,7C2CCC,0,,0,,0,,H:(0/)
H,7C2CAC,0,,0,,0,,H:(0/)
H,7C2CBC,0,,0,,0,,H:(0/)
H,7C2C7C,0,,1,,1,,H:(1/)
H,7C2C6C,0,,1,,1,,H:(1/)
H,7C2C2C,0,,1,,1,,H:(1/)
H,7C2C4C,0,,1,,1,,H:(1/)
H,7C2C3C,0,,1,,1,,H:(1/)
H,7C2C5C,0,,1,,1,,H:(1/)
H,7C2C8C,0,,1,,1,,H:(1/)
H,7C2C9C,0,,1,,1,,H:(1/)
I,7B204C,0,,0,,0,,I:(0/)
I,7B200C,0,,0,,0,,I:(0/)
I,7B4A7C,0,,0,,0,,I:(0/)
I,7B203C,0,,0,,0,,I:(0/)
I,7B201C,0,,0,,0,,I:(0/)
I,7B202C,0,,0,,0,,I:(0/)
I,7B4A9C,0,,0,,0,,I:(0/)
I,7B207C,0,,0,,0,,I:(0/)
I,7B4A2C,0,,1,,1,,I:(1/)
I,7B4A8C,0,,1,,1,,I:(1/)
I,7BBA7C,0,,1,,1,,I:(1/)
I,7B4A5C,0,,1,,1,,I:(1/)
I,7BBA6C,0,,1,,1,,I:(1/)
I,7B4A6C,0,,1,,1,,I:(1/)
I,7BBA8C,0,,1,,1,,I:(1/)
I,7BBA9C,0,,1,,1,,I:(1/)
J,837B8F,4,,"0,0",,0,0,J:(0/0)
J,837BAF,4,,"0,0",,0,0,J:(0/0)
J,837B7F,4,,"0,0",,0,0,J:(0/0)
J,837B6F,4,,"0,0",,0,0,J:(0/0)
J,837B5F,4,,"0,0",,0,0,J:(0/0)
J,837B9F,4,,"0,0",,0,0,J:(0/0)
J,837B4F,4,,"0,0",,0,0,J:(0/0)
J,837B3F,4,,"0,0",,0,0,J:(0/0)
J,837B2F,4,,"0,0",,0,0,J:(0/0)
J,83CD7F,4,,"0,0",,0,0,J:(0/0)
J,83851F,4,,"0,1",,0,1,J:(0/1)
J,84011F,4,,"0,1",,0,1,J:(0/1)
J,837BDF,4,,"0,1",,0,1,J:(0/1)
J,837BFF,4,,"0,1",,0,1,J:(0/1)
J,83850F,4,,"0,1",,0,1,J:(0/1)
J,837BBF,4,,"0,1",,0,1,J:(0/1)
J,83853F,4,,"0,1",,0,1,J:(0/1)
J,837BEF,4,,"0,1",,0,1,J:(0/1)
J,837BCF,4,,"0,1",,0,1,J:(0/1)
J,83852F,4,,"0,1",,0,1,J:(0/1)
J,84016F,4,,"0,2",,0,2,J:(0/2)
J,84012F,4,,"0,2",,0,2,J:(0/2)
J,7C017B,4,,"0,2",,0,2,J:(0/2)
J,84017F,4,,"0,2",,0,2,J:(0/2)
J,7C016B,4,,"0,2",,0,2,J:(0/2)
J,84013F,4,,"0,2",,0,2,J:(0/2)
J,7C013B,4,,"0,2",,0,2,J:(0/2)
J,84014F,4,,"0,2",,0,2,J:(0/2)
J,84015F,4,,"0,2",,0,2,J:(0/2)
J,83CDDF,4,,"0,2",,0,2,J:(0/2)
J,7C015B,4,,"0,3",,0,3,J:(0/3)
J,8401CF,4,,"0,3",,0,3,J:(0/3)
J,84019F,4,,"0,3",,0,3,J:(0/3)
J,83CDCF,4,,"0,3",,0,3,J:(0/3)
J,7C014B,4,,"0,3",,0,3,J:(0/3)
J,7C3D6B,4,,"0,3",,0,3,J:(0/3)
J,8401EF,4,,"0,3",,0,3,J:(0/3)
J,8401DF,4,,"0,3",,0,3,J:(0/3)
J,8401BF,4,,"0,3",,0,3,J:(0/3)
J,8401AF,4,,"0,3",,0,3,J:(0/3)
J,7C1BAB,4,,"1,0",,1,0,J:(1/0)
J,7C3D5B,4,,"1,0",,1,0,J:(1/0)
J,7C018B,4,,"1,0",,1,0,J:(1/0)
J,84018F,4,,"1,0",,1,0,J:(1/0)
J,7C3DBB,4,,"1,0",,1,0,J:(1/0)
J,7C019B,4,,"1,0",,1,0,J:(1/0)
J,7C3DAB,4,,"1,0",,1,0,J:(1/0)
J,7C3D9B,4,,"1,0",,1,0,J:(1/0)
J,7C3D8B,4,,"1,0",,1,0,J:(1/0)
J,7C01CB,4,,"1,0",,1,0,J:(1/0)
J,7C1B7B,4,,"1,1",,1,1,J:(1/1)
J,7C1B8B,4,,"1,1",,1,1,J:(1/1)
J,7C1B6B,4,,"1,1",,1,1,J:(1/1)
J,7C1B9B,4,,"1,1",,1,1,J:(1/1)
J,7C795B,4,,"1,1",,1,1,J:(1/1)
J,7C791B,4,,"1,1",,1,1,J:(1/1)
J,7C792B,4,,"1,1",,1,1,J:(1/1)
J,7C794B,4,,"1,1",,1,1,J:(1/1)
J,7C3DEB,4,,"1,1",,1,1,J:(1/1)
J,7C793B,4,,"1,1",,1,1,J:(1/1)
J,84458F,4,,"1,2",,1,2,J:(1/2)
J,84811F,4,,"1,2",,1,2,J:(1/2)
J,84817F,4,,"1,2",,1,2,J:(1/2)
J,7C1BBB,4,,"1,2",,1,2,J:(1/2)
J,7C3DDB,4,,"1,2",,1,2,J:(1/2)
J,7C790B,4,,"1,2",,1,2,J:(1/2)
J,8445EF,4,,"1,2",,1,2,J:(1/2)
J,84452F,4,,"1,2",,1,2,J:(1/2)
J,7C3DCB,4,,"1,2",,1,2,J:(1/2)
J,7C3D7B,4,,"1,2",,1,2,J:(1/2)
J,7CFC1C,4,,"1,3",,1,3,J:(1/3)
J,7CFC0C,4,,"1,3",,1,3,J:(1/3)
J,7CFCBC,4,,"1,3",,1,3,J:(1/3)
J,7D280C,4,,"1,3",,1,3,J:(1/3)
J,7CFCCC,4,,"1,3",,1,3,J:(1/3)
J,7CFCDC,4,,"1,3",,1,3,J:(1/3)
J,7CFC9C,4,,"1,3",,1,3,J:(1/3)
J,7CFCEC,4,,"1,3",,1,3,J:(1/3)
J,7CFCFC,4,,"1,3",,1,3,J:(1/3)
J,7C2C1C,4,,"1,3",,1,3,J:(1/3)
J,7C2CEC,4,,"2,0",,2,0,J:(2/0)
J,7C681C,4,,"2,0",,2,0,J:(2/0)
J,7C68FC,4,,"2,0",,2,0,J:(2/0)
J,7C682C,4,,"2,0",,2,0,J:(2/0)
J,7C2CDC,4,,"2,0",,2,0,J:(2/0)
J,7CFC7C,4,,"2,0",,2,0,J:(2/0)
J,7C68EC,4,,"2,0",,2,0,J:(2/0)
J,7CFC8C,4,,"2,0",,2,0,J:(2/0)
J,7C2CFC,4,,"2,0",,2,0,J:(2/0)
J,7C683C,4,,"2,0",,2,0,J:(2/0)
J,7C688B,4,,"2,1",,2,1,J:(2/1)
J,7C689B,4,,"2,1",,2,1,J:(2/1)
J,7C68CB,4,,"2,1",,2,1,J:(2/1)
J,7C2A1B,4,,"2,1",,2,1,J:(2/1)
J,7C2A0B,4,,"2,1",,2,1,J:(2/1)
J,7C2CEB,4,,"2,1",,2,1,J:(2/1)
J,7C2C4B,4,,"2,1",,2,1,J:(2/1)
J,7C2A5B,4,,"2,1",,2,1,J:(2/1)
J,7BF8FB,4,,"2,1",,2,1,J:(2/1)
J,7C2A6B,4,,"2,1",,2,1,J:(2/1)
J,84F17F,4,,"2,2",,2,2,J:(2/2)
J,84F19F,4,,"2,2",,2,2,J:(2/2)
J,8375DF,4,,"2,2",,2,2,J:(2/2)
J,84B53F,4,,"2,2",,2,2,J:(2/2)
J,83756F,4,,"2,2",,2,2,J:(2/2)
J,83757F,4,,"2,2",,2,2,J:(2/2)
J,8375EF,4,,"2,2",,2,2,J:(2/2)
J,83758F,4,,"2,2",,2,2,J:(2/2)
J,83A11F,4,,"2,2",,2,2,J:(2/2)
J,84B54F,4,,"2,2",,2,2,J:(2/2)
J,7B4AFC,4,,"2,3",,2,3,J:(2/3)
J,7B887C,4,,"2,3",,2,3,J:(2/3)
J,7B886C,4,,"2,3",,2,3,J:(2/3)
J,7B4C7C,4,,"2,3",,2,3,J:(2/3)
J,7B4CFC,4,,"2,3",,2,3,J:(2/3)
J,7B4C0C,4,,"2,3",,2,3,J:(2/3)
J,7B4C1C,4,,"2,3",,2,3,J:(2/3)
J,7B880C,4,,"2,3",,2,3,J:(2/3)
J,7B4CEC,4,,"2,3",,2,3,J:(2/3)
J,7B881C,4,,"2,3",,2,3,J:(2/3)
J,7C683B,4,,"3,0",,3,0,J:(3/0)
J,7C9A0B,4,,"3,0",,3,0,J:(3/0)
J,7C2CDB,4,,"3,0",,3,0,J:(3/0)
J,7C9A4B,4,,"3,0",,3,0,J:(3/0)
J,7C68DB,4,,"3,0",,3,0,J:(3/0)
J,7C9A1B,4,,"3,0",,3,0,J:(3/0)
J,7C9A3B,4,,"3,0",,3,0,J:(3/0)
J,7C68EB,4,,"3,0",,3,0,J:(3/0)
J,7C9A2B,4,,"3,0",,3,0,J:(3/0)
J,7C68FB,4,,"3,0",,3,0,J:(3/0)
J,850BAF,4,,"3,1",,3,1,J:(3/1)
J,850BBF,4,,"3,1",,3,1,J:(3/1)
J,8385BF,4,,"3,1",,3,1,J:(3/1)
J,850B9F,4,,"3,1",,3,1,J:(3/1)
J,850B5F,4,,"3,1",,3,1,J:(3/1)
J,8385CF,4,,"3,1",,3,1,J:(3/1)
J,850B4F,4,,"3,1",,3,1,J:(3/1)
J,850B6F,4,,"3,1",,3,1,J:(3/1)
J,850B8F,4,,"3,1",,3,1,J:(3/1)
J,850B7F,4,,"3,1",,3,1,J:(3/1)
J,7B4ACC,4,,"3,2",,3,2,J:(3/2)
J,7C2C5B,4,,"3,2",,3,2,J:(3/2)
J,7B4AEC,4,,"3,2",,3,2,J:(3/2)
J,7C681B,4,,"3,2",,3,2,J:(3/2)
J,7B883C,4,,"3,2",,3,2,J:(3/2)
J,7B882C,4,,"3,2",,3,2,J:(3/2)
J,7C2CCB,4,,"3,2",,3,2,J:(3/2)
J,7C682B,4,,"3,2",,3,2,J:(3/2)
J,7B4ABC,4,,"3,2",,3,2,J:(3/2)
J,7B4AAC,4,,"3,2",,3,2,J:(3/2)
J,7C9ABB,4,,"3,3",,3,3,J:(3/3)
J,83A12F,4,,"3,3",,3,3,J:(3/3)
J,7C9AAB,4,,"3,3",,3,3,J:(3/3)
J,8375CF,4,,"3,3",,3,3,J:(3/3)
J,8375AF,4,,"3,3",,3,3,J:(3/3)
J,7C9A9B,4,,"3,3",,3,3,J:(3/3)
J,83754F,4,,"3,3",,3,3,J:(3/3)
J,83759F,4,,"3,3",,3,3,J:(3/3)
J,7C9A5B,4,,"3,3",,3,3,J:(3/3)
J,7C9A6B,4,,"3,3",,3,3,J:(3/3)
K,7CFCFB,4,,"0,0",,0,0,K:(0/0)
K,7CFCEB,4,,"0,0",,0,0,K:(0/0)
K,7D02FC,4,,"0,0",,0,0,K:(0/0)
K,7D02EC,4,,"0,0",,0,0,K:(0/0)
K,7CFCCB,4,,"0,0",,0,0,K:(0/0)
K,7CFC3C,4,,"0,0",,0,0,K:(0/0)
K,7CFC2C,4,,"0,0",,0,0,K:(0/0)
K,7CFC4C,4,,"0,0",,0,0,K:(0/0)
K,7D280B,4,,"0,0",,0,0,K:(0/0)
K,7CFC5C,4,,"0,0",,0,0,K:(0/0)
K,7AE2AC,4,,"0,1",,0,1,K:(0/1)
K,7B206C,4,,"0,1",,0,1,K:(0/1)
K,7B20BC,4,,"0,1",,0,1,K:(0/1)
K,7B20AC,4,,"0,1",,0,1,K:(0/1)
K,7B205C,4,,"0,1",,0,1,K:(0/1)
K,7AE2BC,4,,"0,1",,0,1,K:(0/1)
K,7B209C,4,,"0,1",,0,1,K:(0/1)
K,7AECAC,4,,"0,1",,0,1,K:(0/1)
K,7AECBC,4,,"0,1",,0,1,K:(0/1)
K,7AE29C,4,,"0,1",,0,1,K:(0/1)
K,84B58F,4,,"0,2",,0,2,K:(0/2)
K,7BF8EB,4,,"0,2",,0,2,K:(0/2)
K,83B1BF,4,,"0,2",,0,2,K:(0/2)
K,7AE27D,4,,"0,2",,0,2,K:(0/2)
K,7AC0CD,4,,"0,2",,0,2,K:(0/2)
K,84327B,4,,"0,2",,0,2,K:(0/2)
K,83B1AF,4,,"0,2",,0,2,K:(0/2)
K,83B19F,4,,"0,2",,0,2,K:(0/2)
K,7C2CFB,4,,"0,2",,0,2,K:(0/2)
K,83750F,4,,"0,2",,0,2,K:(0/2)
K,7AE27C,4,,"0,3",,0,3,K:(0/3)
K,7AE2CC,4,,"0,3",,0,3,K:(0/3)
K,7AE2EC,4,,"0,3",,0,3,K:(0/3)
K,7D282B,4,,"0,3",,0,3,K:(0/3)
K,7AE2FC,4,,"0,3",,0,3,K:(0/3)
K,7D282C,4,,"0,3",,0,3,K:(0/3)
K,7D281B,4,,"0,3",,0,3,K:(0/3)
K,7D283B,4,,"0,3",,0,3,K:(0/3)
K,7AE2DC,4,,"0,3",,0,3,K:(0/3)
K,7CFC6C,4,,"0,3",,0,3,K:(0/3)
K,7B4C9C,4,,"1,0",,1,0,K:(1/0)
K,7AC0BD,4,,"1,0",,1,0,K:(1/0)
K,7AC0BC,4,,"1,0",,1,0,K:(1/0)
K,8361CF,4,,"1,0",,1,0,K:(1/0)
K,84930F,4,,"1,0",,1,0,K:(1/0)
K,7B4C8C,4,,"1,0",,1,0,K:(1/0)
K,84B50F,4,,"1,0",,1,0,K:(1/0)
K,8361BF,4,,"1,0",,1,0,K:(1/0)
K,84936F,4,,"1,0",,1,0,K:(1/0)
K,7B4CCC,4,,"1,0",,1,0,K:(1/0)
K,7B4C3C,4,,"1,1",,1,1,K:(1/1)
K,7B4CBC,4,,"1,1",,1,1,K:(1/1)
K,7B4C4C,4,,"1,1",,1,1,K:(1/1)
K,7B4C6C,4,,"1,1",,1,1,K:(1/1)
K,7B20BD,4,,"1,1",,1,1,K:(1/1)
K,7B20DD,4,,"1,1",,1,1,K:(1/1)
K,7B20FD,4,,"1,1",,1,1,K:(1/1)
K,7B20CD,4,,"1,1",,1,1,K:(1/1)
K,7B20ED,4,,"1,1",,1,1,K:(1/1)
K,7B208C,4,,"1,1",,1,1,K:(1/1)
K,7B4A3C,4,,"1,2",,1,2,K:(1/2)
K,7B4A4C,4,,"1,2",,1,2,K:(1/2)
K,7B4A0C,4,,"1,2",,1,2,K:(1/2)
K,7B4A1C,4,,"1,2",,1,2,K:(1/2)
K,7B884C,4,,"1,2",,1,2,K:(1/2)
K,7B4CAC,4,,"1,2",,1,2,K:(1/2)
K,7B20FC,4,,"1,2",,1,2,K:(1/2)
K,7B885C,4,,"1,2",,1,2,K:(1/2)
K,7B4CDC,4,,"1,2",,1,2,K:(1/2)
K,7B4ADC,4,,"1,2",,1,2,K:(1/2)
K,8385AF,4,,"1,3",,1,3,K:(1/3)
K,83B14F,4,,"1,3",,1,3,K:(1/3)
K,7C2A8B,4,,"1,3",,1,3,K:(1/3)
K,7C68AB,4,,"1,3",,1,3,K:(1/3)
K,7C68BB,4,,"1,3",,1,3,K:(1/3)
K,84B52F,4,,"1,3",,1,3,K:(1/3)
K,83751F,4,,"1,3",,1,3,K:(1/3)
K,83752F,4,,"1,3",,1,3,K:(1/3)
K,83753F,4,,"1,3",,1,3,K:(1/3)
K,83755F,4,,"1,3",,1,3,K:(1/3)
K,7BF87C,4,,"2,0",,2,0,K:(2/0)
K,7BF83C,4,,"2,0",,2,0,K:(2/0)
K,7BF8CC,4,,"2,0",,2,0,K:(2/0)
K,7BF86C,4,,"2,0",,2,0,K:(2/0)
K,7BF84C,4,,"2,0",,2,0,K:(2/0)
K,7BF81C,4,,"2,0",,2,0,K:(2/0)
K,7BF88C,4,,"2,0",,2,0,K:(2/0)
K,7BBCFC,4,,"2,0",,2,0,K:(2/0)
K,7BF82C,4,,"2,0",,2,0,K:(2/0)
K,7BF80C,4,,"2,0",,2,0,K:(2/0)
K,7BF8BC,4,,"2,1",,2,1,K:(2/1)
K,7C2A5C,4,,"2,1",,2,1,K:(2/1)
K,7BF8AC,4,,"2,1",,2,1,K:(2/1)
K,7C2A6C,4,,"2,1",,2,1,K:(2/1)
K,7C2A3C,4,,"2,1",,2,1,K:(2/1)
K,7BF8DC,4,,"2,1",,2,1,K:(2/1)
K,7BF89C,4,,"2,1",,2,1,K:(2/1)
K,7C2ADC,4,,"2,1",,2,1,K:(2/1)
K,7C2A2C,4,,"2,1",,2,1,K:(2/1)
K,7B20EC,4,,"2,1",,2,1,K:(2/1)
K,7C9A9C,4,,"2,2",,2,2,K:(2/2)
K,7C2ACC,4,,"2,2",,2,2,K:(2/2)
K,7B20DC,4,,"2,2",,2,2,K:(2/2)
K,7C2A8C,4,,"2,2",,2,2,K:(2/2)
K,7C9A8C,4,,"2,2",,2,2,K:(2/2)
K,7C2ABC,4,,"2,2",,2,2,K:(2/2)
K,7C2A7C,4,,"2,2",,2,2,K:(2/2)
K,7B20CC,4,,"2,2",,2,2,K:(2/2)
K,7C2AAC,4,,"2,2",,2,2,K:(2/2)
K,7C2A9C,4,,"2,2",,2,2,K:(2/2)
K,7C2AFC,4,,"2,3",,2,3,K:(2/3)
K,7C2C0C,4,,"2,3",,2,3,K:(2/3)
K,7C2A0C,4,,"2,3",,2,3,K:(2/3)
K,7BBCEC,4,,"2,3",,2,3,K:(2/3)
K,7C2A4C,4,,"2,3",,2,3,K:(2/3)
K,7BF8EC,4,,"2,3",,2,3,K:(2/3)
K,7BBCBC,4,,"2,3",,2,3,K:(2/3)
K,7BBCCC,4,,"2,3",,2,3,K:(2/3)
K,7BF8FC,4,,"2,3",,2,3,K:(2/3)
K,7BBCDC,4,,"2,3",,2,3,K:(2/3)
K,7AD3FB,4,,"3,0",,3,0,K:(3/0)
K,83C33F,4,,"3,0",,3,0,K:(3/0)
K,850BCF,4,,"3,0",,3,0,K:(3/0)
K,7AD3EB,4,,"3,0",,3,0,K:(3/0)
K,83B11F,4,,"3,0",,3,0,K:(3/0)
K,7AD3CB,4,,"3,0",,3,0,K:(3/0)
K,7AD3DB,4,,"3,0",,3,0,K:(3/0)
K,83C34F,4,,"3,0",,3,0,K:(3/0)
K,850B3F,4,,"3,0",,3,0,K:(3/0)
K,83C35F,4,,"3,0",,3,0,K:(3/0)
K,7BBC1C,4,,"3,1",,3,1,K:(3/1)
K,83B1EF,4,,"3,1",,3,1,K:(3/1)
K,7BBABC,4,,"3,1",,3,1,K:(3/1)
K,7BBAAC,4,,"3,1",,3,1,K:(3/1)
K,7BBACC,4,,"3,1",,3,1,K:(3/1)
K,7BBADC,4,,"3,1",,3,1,K:(3/1)
K,83C30F,4,,"3,1",,3,1,K:(3/1)
K,7BBAFC,4,,"3,1",,3,1,K:(3/1)
K,7BBAEC,4,,"3,1",,3,1,K:(3/1)
K,7BBC0C,4,,"3,1",,3,1,K:(3/1)
K,7BBC4C,4,,"3,2",,3,2,K:(3/2)
K,7BBCAC,4,,"3,2",,3,2,K:(3/2)
K,7BBC2C,4,,"3,2",,3,2,K:(3/2)
K,7BBC5C,4,,"3,2",,3,2,K:(3/2)
K,7BBC6C,4,,"3,2",,3,2,K:(3/2)
K,7BBC9C,4,,"3,2",,3,2,K:(3/2)
K,7BBC3C,4,,"3,2",,3,2,K:(3/2)
K,7BBC8C,4,,"3,2",,3,2,K:(3/2)
K,7BBC7C,4,,"3,2",,3,2,K:(3/2)
K,7C2AEC,4,,"3,2",,3,2,K:(3/2)
